query_number,indexing_time_seconds,query_passed,answer_returned,model_name,is_reasoning_model,context_file,method_used,inference_time_ms,input_tokens,output_tokens,total_tokens,gpu_available,gpu_name,gpu_memory_used_mb,gpu_memory_total_mb,gpu_memory_percent,gpu_utilization_percent,ram_used_gb,ram_total_gb,ram_percent,timestamp
1,14.64,1. What is the name of the village where Dr. Aisha Sharma returns?,"The context does not mention a specific village name. It refers to Ravanhalli Manor, a manor house, but does not specify a village. Thus, the answer is not available from the provided information.",qwen3:1.7b,True,Unknown.pdf,vector,9315.93,1235,49,1284,True,NVIDIA GeForce RTX 3050 Laptop GPU,3244.0,4096.0,79.2,11.0,14.21,23.16,61.35,2026-03-18T14:45:19.376690
2,14.64,2. What is the name of the family estate?,The name of the family estate is **Ravanhalli Manor**.,qwen3:1.7b,True,Unknown.pdf,vector,6113.14,1237,13,1250,True,NVIDIA GeForce RTX 3050 Laptop GPU,3244.0,4096.0,79.2,11.0,14.25,23.16,61.53,2026-03-18T14:45:25.512574
3,14.64,3. Who sent the letter that summoned Aisha to Kodalipur?,"The letter was sent by the Ravanhalli family, as indicated by the return address and the family seal. However, the context does not specify the exact individual who sent the letter.",qwen3:1.7b,True,Unknown.pdf,vector,10873.79,1218,45,1263,True,NVIDIA GeForce RTX 3050 Laptop GPU,3244.0,4096.0,79.2,11.0,14.15,23.16,61.09,2026-03-18T14:45:36.409612
4,14.64,"4. What is the name of the ancient entity that exists in ""the between""?","The ancient entity in ""the between"" is called the **Watcher**. It is mentioned in Chapter 19 as the entity that has ""gone—not destroyed, just at peace.""",qwen3:1.7b,True,Unknown.pdf,vector,8102.91,1168,38,1206,True,NVIDIA GeForce RTX 3050 Laptop GPU,3244.0,4096.0,79.2,11.0,14.1,23.16,60.88,2026-03-18T14:45:44.534621
5,14.64,5. What is the title given to Aditi at the end?,"The title given to Aditi at the end is **""Aditi Ravanhalli.""**",qwen3:1.7b,True,Unknown.pdf,vector,4653.92,1162,15,1177,True,NVIDIA GeForce RTX 3050 Laptop GPU,3246.0,4096.0,79.25,14.0,14.22,23.16,61.39,2026-03-18T14:45:49.212542
6,14.64,6. What does Aisha discover Marcus actually was to her?,"Aisha discovers that Marcus was her brother, as the context implies that he left her the box containing research about her mother's past, which includes the ""Seven"" and their disappearance. The fact that Thomas referred to Marcus as her brother (through the lens of her mother's mystery) suggests a familial connection, though the explicit statement is not directly provided in the text.",qwen3:1.7b,True,Unknown.pdf,vector,46679.83,1267,96,1363,True,NVIDIA GeForce RTX 3050 Laptop GPU,3246.0,4096.0,79.25,8.0,14.08,23.16,60.78,2026-03-18T14:46:35.914593
7,14.64,7. Who was Aisha's biological mother?,"Aisha's biological mother is Sunita Sharma, as explicitly mentioned in the context.",qwen3:1.7b,True,Unknown.pdf,vector,7004.68,1211,20,1231,True,NVIDIA GeForce RTX 3050 Laptop GPU,3246.0,4096.0,79.25,11.0,14.08,23.16,60.8,2026-03-18T14:46:42.940276
8,14.64,8. What is the name of the rival psychiatrist who tries to control The Watcher?,"The context does not mention the name of the rival psychiatrist. It only references Sunita's voice and the Watcher, but no psychiatrist is named in the provided text.",qwen3:1.7b,True,Unknown.pdf,vector,13917.01,1216,41,1257,True,NVIDIA GeForce RTX 3050 Laptop GPU,3246.0,4096.0,79.25,11.0,14.15,23.16,61.09,2026-03-18T14:46:56.878336
9,14.64,9. What object did Marcus leave for Aisha in a wooden box?,The object Marcus left for Aisha in the wooden box was a **journal**.,qwen3:1.7b,True,Unknown.pdf,vector,5213.4,1268,17,1285,True,NVIDIA GeForce RTX 3050 Laptop GPU,3246.0,4096.0,79.25,11.0,14.17,23.16,61.18,2026-03-18T14:47:02.115474
10,14.64,10. How many people vanished in September 1894?,"The context mentions ""the Seven"" who vanished in 1894. It does not specify the exact number of people, but the term ""the Seven"" implies seven individuals. Thus, the answer is **seven**.",qwen3:1.7b,True,Unknown.pdf,vector,7864.91,1265,46,1311,True,NVIDIA GeForce RTX 3050 Laptop GPU,3246.0,4096.0,79.25,11.0,14.0,23.16,60.45,2026-03-18T14:47:10.006419
11,14.64,11. What year was the first bridge created according to the story?,"The first bridge was created in 1664, as stated in the context.",qwen3:1.7b,True,Unknown.pdf,vector,4991.54,1226,15,1241,True,NVIDIA GeForce RTX 3050 Laptop GPU,3246.0,4096.0,79.25,11.0,14.13,23.16,61.01,2026-03-18T14:47:15.021641
12,14.64,12. What is the name of the station where Aisha arrives?,"The context does not mention the name of the station where Aisha arrives. Therefore, the answer is that the information is not provided in the given context.",qwen3:1.7b,True,Unknown.pdf,vector,14517.42,1228,39,1267,True,NVIDIA GeForce RTX 3050 Laptop GPU,3246.0,4096.0,79.25,11.0,14.18,23.16,61.21,2026-03-18T14:47:29.563126
13,14.64,13. Who was Aisha's guide from the station to the manor?,"The context does not explicitly mention a guide from the station to the manor. Only Thomas is referenced in the corridor scene, but there is no explicit indication that he guided Aisha from the station. Thus, the information is insufficient. 

**Answer:** The context does not provide enough information to determine who Aisha's guide from the station to the manor was.",qwen3:1.7b,True,Unknown.pdf,vector,24664.18,1233,92,1325,True,NVIDIA GeForce RTX 3050 Laptop GPU,3246.0,4096.0,79.25,11.0,14.38,23.16,62.07,2026-03-18T14:47:54.253633
14,14.64,14. What color was the dress of the figure waiting on the platform?,"The context does not mention the color of the dress of the figure waiting on the platform. Therefore, the answer is that the information is insufficient.",qwen3:1.7b,True,Unknown.pdf,vector,11154.3,1230,38,1268,True,NVIDIA GeForce RTX 3050 Laptop GPU,3246.0,4096.0,79.25,12.0,14.39,23.16,62.15,2026-03-18T14:48:05.429123
15,14.64,15. What does the obsidian mirror represent in the chamber?,"The obsidian mirror represents the **Watcher's bridge**, a threshold where the creature (a dangerous, angrier entity) attempts to open a door that should remain closed. It symbolizes the Watcher's vigilance and the conflict between the Watcher and the creature, highlighting the struggle to prevent the creature from entering the realm. The mirror's destruction and the arrival of the Watcher and allies underscore the stakes of this confrontation.",qwen3:1.7b,True,Unknown.pdf,vector,14854.2,1211,112,1323,True,NVIDIA GeForce RTX 3050 Laptop GPU,3246.0,4096.0,79.25,11.0,14.42,23.16,62.28,2026-03-18T14:48:20.304875
16,14.64,16. What is the name of Captain Hari's drink in the village tavern?,The name of Captain Hari's drink in the village tavern is arrack.,qwen3:1.7b,True,Unknown.pdf,vector,4260.23,1227,16,1243,True,NVIDIA GeForce RTX 3050 Laptop GPU,3246.0,4096.0,79.25,11.0,14.45,23.16,62.41,2026-03-18T14:48:24.585735
17,14.64,17. What did Aisha's grandmother try to end?,Aisha's grandmother tried to end the cycle.,qwen3:1.7b,True,Unknown.pdf,vector,5196.09,1225,10,1235,True,NVIDIA GeForce RTX 3050 Laptop GPU,3246.0,4096.0,79.25,11.0,14.44,23.16,62.37,2026-03-18T14:48:29.804119
18,14.64,18. What was the price paid to The Watcher in the bargain?,"The price paid to The Watcher in the bargain was the bridges—specifically, human minds capable of perceiving The Watcher directly.",qwen3:1.7b,True,Unknown.pdf,vector,6826.27,1224,32,1256,True,NVIDIA GeForce RTX 3050 Laptop GPU,3246.0,4096.0,79.25,11.0,14.43,23.16,62.31,2026-03-18T14:48:36.651835
19,14.64,19. Where does Aisha work as a psychiatrist?,"The context does not mention Aisha's profession or workplace. It only refers to Dr. Meera Desai as a psychiatrist in the séance scene. Since there is no information about Aisha's job or location, the answer cannot be determined from the provided context.",qwen3:1.7b,True,Unknown.pdf,vector,9587.25,1164,63,1227,True,NVIDIA GeForce RTX 3050 Laptop GPU,3246.0,4096.0,79.25,11.0,14.43,23.16,62.29,2026-03-18T14:48:46.260672
20,14.64,20. How many parts/chapters are in the story structure?,"The context contains **three chapters**:  
1. **Chapter 13: Captain Hari's Secret**  
2. **Chapter 14: The Impossible Choice**  
3. **Chapter 15: The Hour Before Midnight**  

Answer: 3.",qwen3:1.7b,True,Unknown.pdf,vector,13711.84,1227,46,1273,True,NVIDIA GeForce RTX 3050 Laptop GPU,3246.0,4096.0,79.25,11.0,14.44,23.16,62.36,2026-03-18T14:48:59.994984
21,14.64,21. Describe what The Watcher actually is in the story.,"The Watcher is a supernatural guardian entity trapped by humans, tasked with protecting the boundary between realms. It is described as a ""figure in the mirror"" that was once confined but now seeks to break free, embodying a role as a protector and bridge between worlds. Its actions reflect its mission to prevent chaos by sealing threats, as seen in the story's climax where it allies with others to confront a menacing creature.",qwen3:1.7b,True,Unknown.pdf,vector,13900.82,1210,107,1317,True,NVIDIA GeForce RTX 3050 Laptop GPU,3246.0,4096.0,79.25,11.0,14.4,23.16,62.17,2026-03-18T14:49:13.921454
22,14.64,22. What warning did Aditi give Aisha on her first night?,"The context does not explicitly mention a specific warning from Aditi. However, the dialogue implies that Aditi is aware of the risks involved in her actions, particularly the metaphorical ""bridge"" and the consequences of choosing between paths. Since the exact warning is not directly stated, the answer is based on the implied consequences of her choices. 

**Answer:** The context does not explicitly state a specific warning from Aditi. It implies she is aware of the risks associated with her actions, but the exact warning is not provided.",qwen3:1.7b,True,Unknown.pdf,vector,37532.61,1228,136,1364,True,NVIDIA GeForce RTX 3050 Laptop GPU,3246.0,4096.0,79.25,11.0,14.36,23.16,61.99,2026-03-18T14:49:51.475578
23,14.64,23. What did Aisha find behind the hidden door in the east wing?,"Aisha found a staircase descending into darkness behind the hidden door, leading to a circular chamber with seven chairs and a stone altar bearing a black obsidian mirror.",qwen3:1.7b,True,Unknown.pdf,vector,9918.7,1235,42,1277,True,NVIDIA GeForce RTX 3050 Laptop GPU,3246.0,4096.0,79.25,14.0,14.41,23.16,62.2,2026-03-18T14:50:01.418619
24,14.64,24. How did Captain Hari describe what happened to the seven people in 1894?,"Captain Hari described the seven people in 1894 as vanishing into the chamber, specifically the seven chairs, and that they were ""translated"" rather than dying. He noted they were part of a centuries-old bargain where their lives served to keep The Watcher satisfied, with the seven people being ""translated"" into the between (the afterlife) instead of dying.",qwen3:1.7b,True,Unknown.pdf,vector,9579.86,1229,89,1318,True,NVIDIA GeForce RTX 3050 Laptop GPU,3246.0,4096.0,79.25,11.0,14.36,23.16,62.01,2026-03-18T14:50:11.023884
25,14.64,25. What was the photograph in Marcus's journal showing?,"The photograph showed Aisha's mother standing before Ravanhalli Manor, pregnant, with seven figures half-hidden by the mist behind her.",qwen3:1.7b,True,Unknown.pdf,vector,7321.76,1267,33,1300,True,NVIDIA GeForce RTX 3050 Laptop GPU,3246.0,4096.0,79.25,11.0,14.39,23.16,62.13,2026-03-18T14:50:18.367760
26,14.64,"26. What did Aisha's mother tell her about ""the between""?","Aisha's mother told her that she is ""in the between,"" existing in a state between being and not-being. This is explicitly stated in the dream scene: ""Not anymore, the voice replied. But still here. Still with you. Where are you? In the between.""",qwen3:1.7b,True,Unknown.pdf,vector,7192.82,1216,61,1277,True,NVIDIA GeForce RTX 3050 Laptop GPU,3246.0,4096.0,79.25,12.0,14.38,23.16,62.09,2026-03-18T14:50:25.585041
27,14.64,27. What did Aisha need to do to become the lock-keeper?,Aisha pressed the iron key into Aditi's palm to become the lock-keeper.,qwen3:1.7b,True,Unknown.pdf,vector,5388.15,1164,17,1181,True,NVIDIA GeForce RTX 3050 Laptop GPU,3246.0,4096.0,79.25,11.0,14.39,23.16,62.14,2026-03-18T14:50:30.996853
28,14.64,28. What warning was written inside Aisha's locket?,"The warning inside Aisha's locket is that the creature in the mirror is **angry and hungry**, as Sunita warned Aisha about its nature. The context does not specify the exact text inside the locket, only that it reveals this ominous warning.",qwen3:1.7b,True,Unknown.pdf,vector,14207.57,1209,60,1269,True,NVIDIA GeForce RTX 3050 Laptop GPU,3246.0,4096.0,79.25,13.0,14.4,23.16,62.18,2026-03-18T14:50:45.229938
29,14.64,29. How did The Watcher describe itself to Aisha?,"The context states that Meera mentions The Watcher could be controlled with the right approach, but it does not explicitly describe The Watcher's own nature. Thus, the exact description of The Watcher's self-identification is not provided in the context.",qwen3:1.7b,True,Unknown.pdf,vector,14691.38,1214,63,1277,True,NVIDIA GeForce RTX 3050 Laptop GPU,3246.0,4096.0,79.25,11.0,14.41,23.16,62.21,2026-03-18T14:50:59.946146
30,14.64,30. What did Meera Desai try to do with The Watcher?,"Meera Desai tried to control The Watcher, which was impossible, leading to its release.",qwen3:1.7b,True,Unknown.pdf,vector,5849.14,1245,21,1266,True,NVIDIA GeForce RTX 3050 Laptop GPU,3246.0,4096.0,79.25,11.0,14.4,23.16,62.18,2026-03-18T14:51:05.817738
31,14.64,31. What was written in the note Aditi gave Aisha?,"The context does not mention anything about Aditi giving a note. The provided text focuses on Aisha discovering Marcus's journal entries and the relationship between Aisha, her mother, and Marcus. There is no reference to Aditi or a note from Aditi. Thus, the question cannot be answered based on the given context.",qwen3:1.7b,True,Unknown.pdf,vector,12542.56,1214,78,1292,True,NVIDIA GeForce RTX 3050 Laptop GPU,3246.0,4096.0,79.25,14.0,14.41,23.16,62.22,2026-03-18T14:51:18.382425
32,14.64,32. What did Aisha find in her grandmother's journal about The Watcher?,"The context does not mention anything about Aisha finding specific entries in her grandmother's journal. It only references Marcus's journal, where Aisha discovers a photograph and a journal entry about the Ravanhallis and the ""final bridge."" There is no explicit information about her grandmother's journal. 

**Answer:** The context does not provide details about Aisha finding anything in her grandmother's journal regarding The Watcher. Only Marcus's journal is referenced, which discusses the Ravanhallis and the ""final bridge,"" but this is not linked to Aisha's grandmother's journal.",qwen3:1.7b,True,Unknown.pdf,vector,16714.16,1219,147,1366,True,NVIDIA GeForce RTX 3050 Laptop GPU,3246.0,4096.0,79.25,11.0,14.4,23.16,62.16,2026-03-18T14:51:35.121402
33,14.64,33. How long had Captain Hari been waiting for the mist to lift?,"The context does not mention anything about the mist or the duration Captain Hari waited for it to lift. Therefore, the answer cannot be determined from the provided information.",qwen3:1.7b,True,Unknown.pdf,vector,10664.9,1226,44,1270,True,NVIDIA GeForce RTX 3050 Laptop GPU,3246.0,4096.0,79.25,11.0,14.39,23.16,62.16,2026-03-18T14:51:45.811887
34,14.64,34. What did The Watcher want from humanity according to Sunita?,"The context does not explicitly state what The Watcher wanted from humanity. However, Meera's comment about controlling The Watcher suggests a desire for manipulation or subjugation, but this is inferred rather than directly stated. Since the provided text does not explicitly reveal The Watcher's intentions, the answer cannot be definitively determined from the given information.",qwen3:1.7b,True,Unknown.pdf,vector,23805.53,1218,95,1313,True,NVIDIA GeForce RTX 3050 Laptop GPU,3246.0,4096.0,79.25,11.0,14.52,23.16,62.71,2026-03-18T14:52:09.642303
35,14.64,35. What happened to Meera Desai after she tried to control The Watcher?,"Meera Desai attempted to control The Watcher, but the entity was released. After her attempt, she remained to protect the door and train others, as indicated in the context. The exact outcome is that the entity was no longer under her control, leaving her to fulfill her role as the lock-keeper.",qwen3:1.7b,True,Unknown.pdf,vector,12739.23,1250,73,1323,True,NVIDIA GeForce RTX 3050 Laptop GPU,3246.0,4096.0,79.25,12.0,14.74,23.16,63.63,2026-03-18T14:52:22.409583
36,14.64,36. What did Captain Hari carry with him when he emerged from the hidden passage?,"Captain Hari carried a journal, a silver bell, and a photograph of Sunita's mother when he emerged from the hidden passage.",qwen3:1.7b,True,Unknown.pdf,vector,5031.62,1234,30,1264,True,NVIDIA GeForce RTX 3050 Laptop GPU,3246.0,4096.0,79.25,14.0,14.7,23.16,63.48,2026-03-18T14:52:27.466621
37,14.64,37. What did Aisha see in the mirror when it opened like a door?,"The context does not explicitly mention what Aisha saw in the mirror when it opened like a door. However, it references a photograph of Sunita Sharma and Marcus in the hidden chamber, which could be interpreted as a symbolic representation of the mirror's contents. Since the specific detail about the mirror's contents is not explicitly stated in the provided text, the answer cannot be definitively determined from the given context. 

**Answer:** The context does not provide specific information about what Aisha saw in the mirror when it opened like a door.",qwen3:1.7b,True,Unknown.pdf,vector,19479.97,1218,140,1358,True,NVIDIA GeForce RTX 3050 Laptop GPU,3246.0,4096.0,79.25,11.0,14.7,23.16,63.49,2026-03-18T14:52:46.969415
38,14.64,38. How did the mist finally lift from Kodalipur?,"The context does not explicitly state how the mist finally lifted from Kodalipur. It only mentions the mist as a threat (“come before the mist of Kartik, or it will be too late”) and describes the arrival of Dr. Sharma at the village. The mist's lifting is not detailed in the provided text.",qwen3:1.7b,True,Unknown.pdf,vector,14873.15,1216,72,1288,True,NVIDIA GeForce RTX 3050 Laptop GPU,3246.0,4096.0,79.25,14.0,14.54,23.16,62.77,2026-03-18T14:53:01.865612
39,14.64,39. What was Sunita's relationship to the original seven who vanished?,"Sunita was one of the original seven Ravanhallis who vanished. She and Marcus were bound by blood and created Aisha, the final bridge, indicating her role in the family's lineage.",qwen3:1.7b,True,Unknown.pdf,vector,6868.62,1219,44,1263,True,NVIDIA GeForce RTX 3050 Laptop GPU,3246.0,4096.0,79.25,11.0,14.41,23.16,62.24,2026-03-18T14:53:08.759178
40,14.64,40. What lesson did Aisha learn at the end of the story?,"Aisha learned that she is part of a forbidden family lineage (Ravanhallis) bound by blood and love, and that her existence is tied to the final bridge created by her parents to prevent further conflict. The lesson revolves around her realization of her heritage and the ethical dilemma of her role in the family's tragic legacy.",qwen3:1.7b,True,Unknown.pdf,vector,14295.76,1216,82,1298,True,NVIDIA GeForce RTX 3050 Laptop GPU,3246.0,4096.0,79.25,11.0,14.38,23.16,62.11,2026-03-18T14:53:23.076621
41,14.64,41. Dr. Aisha Sharma was summoned to Kodalipur by her uncle Marcus.,"Yes, Dr. Aisha Sharma was summoned to Kodalipur by her uncle Marcus, as indicated by the letter he sent her three days ago. The context explicitly states that the letter from the ""dead man"" (her uncle Marcus) instructed her to come to Kodalipur, and she was later collected by someone sent to retrieve her.",qwen3:1.7b,True,Unknown.pdf,vector,8093.33,1221,76,1297,True,NVIDIA GeForce RTX 3050 Laptop GPU,3246.0,4096.0,79.25,11.0,14.36,23.16,62.02,2026-03-18T14:53:31.195184
42,14.64,42. The Seven vanished in the year 1894 from Kodalipur.,"The context does not mention the Seven or their disappearance in 1894. The provided text focuses on Dr. Aisha Sharma's return to Kodalipur and her encounter with a figure under an oil lamp, but there is no explicit reference to the Seven or their vanishing in 1894. Thus, the answer is based on insufficient information.",qwen3:1.7b,True,Unknown.pdf,vector,8624.83,1218,80,1298,True,NVIDIA GeForce RTX 3050 Laptop GPU,3246.0,4096.0,79.25,11.0,14.36,23.16,62.01,2026-03-18T14:53:39.842764
43,14.64,"43. Marcus was actually Aisha's father, not her uncle.","The context does not provide sufficient information to confirm whether Marcus was Aisha's father. It only mentions that Thomas left Aisha a box containing his research and that the photograph shows Aisha's mother, but does not explicitly state their familial relationship. Thus, the answer is that the context does not contain enough information to determine this.",qwen3:1.7b,True,Unknown.pdf,vector,10008.4,1267,91,1358,True,NVIDIA GeForce RTX 3050 Laptop GPU,3246.0,4096.0,79.25,11.0,14.36,23.16,62.0,2026-03-18T14:53:49.875761
44,14.64,44. Aditi Ravanhalli became the lock-keeper of the chamber.,"The context does not mention Aditi Ravanhalli becoming the lock-keeper of the chamber. It only refers to her as someone who knows what Aisha is seeking and leaves a note with ""THE WATCHER."" There is no explicit information about her role as a lock-keeper. 

Answer: The context does not provide enough information to confirm that Aditi Ravanhalli became the lock-keeper of the chamber.",qwen3:1.7b,True,Unknown.pdf,vector,9864.99,1234,96,1330,True,NVIDIA GeForce RTX 3050 Laptop GPU,3246.0,4096.0,79.25,14.0,14.36,23.16,62.0,2026-03-18T14:53:59.765390
45,14.64,45. The Watcher was described as a demon in the story.,"The context describes the Watcher as a supernatural, menacing entity (""something dark and twisted"") and refers to it as ""angry"" and ""hungry,"" which implies a demonic or supernatural nature. However, the context does **not** explicitly use the term ""demon."" While the Watcher's actions and traits suggest a demonic or supernatural presence, the term ""demon"" is not directly stated in the provided text. Thus, the answer is based on the context's implied descriptions rather than explicit terminology.",qwen3:1.7b,True,Unknown.pdf,vector,12957.61,1210,124,1334,True,NVIDIA GeForce RTX 3050 Laptop GPU,3246.0,4096.0,79.25,11.0,14.31,23.16,61.78,2026-03-18T14:54:12.748517
46,14.64,46. Meera Desai succeeded in controlling The Watcher.,"The context explicitly states that Meera ""tried to control something that couldn't be controlled"" and that the entity was ""released."" There is no evidence in the provided text that Meera succeeded in controlling The Watcher. Thus, the answer is: **No**, Meera did not succeed in controlling The Watcher.",qwen3:1.7b,True,Unknown.pdf,vector,7928.01,1245,75,1320,True,NVIDIA GeForce RTX 3050 Laptop GPU,3246.0,4096.0,79.25,11.0,14.37,23.16,62.03,2026-03-18T14:54:20.697432
47,14.64,47. Captain Hari Prakash was a survivor of the 1894 events.,"The context does not explicitly state whether Captain Hari Prakash survived the 1894 events. It only mentions his mother's involvement in the bargain and her translation, but does not confirm Hari's survival. Thus, the information is insufficient.",qwen3:1.7b,True,Unknown.pdf,vector,11116.71,1225,61,1286,True,NVIDIA GeForce RTX 3050 Laptop GPU,3246.0,4096.0,79.25,11.0,14.36,23.16,61.99,2026-03-18T14:54:31.839400
48,14.64,48. The obsidian mirror was located on a stone altar in the chamber.,"The context does not explicitly mention the obsidian mirror being located on a stone altar in the chamber. It only describes the mirror's presence in a chamber and its eventual destruction, but no specific details about an altar are provided. Thus, the information is insufficient to confirm the altar location.",qwen3:1.7b,True,Unknown.pdf,vector,9435.69,1213,77,1290,True,NVIDIA GeForce RTX 3050 Laptop GPU,3246.0,4096.0,79.25,11.0,14.37,23.16,62.07,2026-03-18T14:54:41.298429
49,14.64,"49. Aisha's mother Sunita was pregnant when she entered ""the between"".","The context does not mention Sunita being pregnant. It refers to her as ""the same woman"" in photographs with Marcus, implying a familial relationship, but does not specify pregnancy. Thus, the answer is that the context does not provide enough information to confirm whether Sunita was pregnant when she entered ""the between.""",qwen3:1.7b,True,Unknown.pdf,vector,9161.67,1219,81,1300,True,NVIDIA GeForce RTX 3050 Laptop GPU,3246.0,4096.0,79.25,11.0,14.43,23.16,62.31,2026-03-18T14:54:50.486308
50,14.64,50. The creature that escaped was older than The Watcher.,"The context does not provide information about the age comparison between the creature and The Watcher. Therefore, the answer is: **The context does not contain enough information to determine if the creature was older than The Watcher.**",qwen3:1.7b,True,Unknown.pdf,vector,8444.09,1231,59,1290,True,NVIDIA GeForce RTX 3050 Laptop GPU,3246.0,4096.0,79.25,11.0,14.38,23.16,62.11,2026-03-18T14:54:58.951203
51,14.64,51. Thomas Ravanhalli was the head of the Ravanhalli family.,"The context does not mention Thomas Ravanhalli or confirm his role as the head of the Ravanhalli family. It refers to Marcus as the uncle and the key's owner, but no information about Thomas is provided. Thus, the answer is: **The context does not contain enough information to confirm Thomas Ravanhalli as the head of the Ravanhalli family.**",qwen3:1.7b,True,Unknown.pdf,vector,11557.54,1219,85,1304,True,NVIDIA GeForce RTX 3050 Laptop GPU,3246.0,4096.0,79.25,11.0,14.45,23.16,62.41,2026-03-18T14:55:10.532386
52,14.64,52. The first bridge was created in 1664.,"The first bridge was created in 1664, as explicitly stated in the context.",qwen3:1.7b,True,Unknown.pdf,vector,5565.89,1220,18,1238,True,NVIDIA GeForce RTX 3050 Laptop GPU,3246.0,4096.0,79.25,12.0,14.42,23.16,62.26,2026-03-18T14:55:16.124223
53,14.64,53. Aditi was Thomas Ravanhalli's daughter.,"The context does not provide any information about Aditi or her relationship to Thomas Ravanhalli. Therefore, it is insufficient to confirm whether Aditi was Thomas Ravanhalli's daughter.",qwen3:1.7b,True,Unknown.pdf,vector,9400.84,1215,46,1261,True,NVIDIA GeForce RTX 3050 Laptop GPU,3246.0,4096.0,79.25,11.0,14.44,23.16,62.35,2026-03-18T14:55:25.549918
54,14.64,54. Captain Hari died before Aisha's final confrontation with the creature.,"The context does not explicitly state whether Captain Hari died before Aisha's final confrontation with the creature. It only mentions his appearance in a hidden passage and his role as a witness to Aisha's grandmother's attempt to end the cycle, but there is no direct information about his death. Thus, the answer is that the context does not contain enough information to confirm this.",qwen3:1.7b,True,Unknown.pdf,vector,8687.82,1232,97,1329,True,NVIDIA GeForce RTX 3050 Laptop GPU,3246.0,4096.0,79.25,11.0,14.41,23.16,62.22,2026-03-18T14:55:34.262638
55,14.64,55. The Watcher was destroyed at the end of the story.,"The context does not explicitly state that the Watcher was destroyed. It describes the creature dissolving into nothing but refers to the Watcher as a collective consciousness existing between moments. Thus, the answer is: **The context does not mention the Watcher being destroyed; it refers to the creature's dissolution instead.**",qwen3:1.7b,True,Unknown.pdf,vector,9547.82,1230,83,1313,True,NVIDIA GeForce RTX 3050 Laptop GPU,3246.0,4096.0,79.25,14.0,14.53,23.16,62.72,2026-03-18T14:55:43.836651
56,14.64,56. The train pulled into __________ Station in October mist.,The train pulled into **Kodalipur** Station in October mist.,qwen3:1.7b,True,Unknown.pdf,vector,5732.69,1219,15,1234,True,NVIDIA GeForce RTX 3050 Laptop GPU,3246.0,4096.0,79.25,14.0,14.53,23.16,62.76,2026-03-18T14:55:49.596236
57,14.64,57. Aisha is a __________ from Bombay.,"The context does not provide any information about Aisha's origin or connection to Bombay. Therefore, the answer is: **Not enough information**.",qwen3:1.7b,True,Unknown.pdf,vector,8075.82,1263,36,1299,True,NVIDIA GeForce RTX 3050 Laptop GPU,3246.0,4096.0,79.25,11.0,14.71,23.16,63.54,2026-03-18T14:55:57.693533
58,14.64,58. The Seven chairs were arranged in a __________ chamber.,"The seven chairs were arranged in a **circular** chamber. 

Context states: ""a circular chamber with seven chairs and a stone altar.""",qwen3:1.7b,True,Unknown.pdf,vector,5271.88,1234,33,1267,True,NVIDIA GeForce RTX 3050 Laptop GPU,3246.0,4096.0,79.25,11.0,14.64,23.16,63.22,2026-03-18T14:56:02.989208
59,14.64,59. Captain Hari was found in the village __________.,The answer is: village tavern.,qwen3:1.7b,True,Unknown.pdf,vector,5159.85,1223,7,1230,True,NVIDIA GeForce RTX 3050 Laptop GPU,3246.0,4096.0,79.25,11.0,14.54,23.16,62.77,2026-03-18T14:56:08.175675
60,14.64,60. The key was hidden inside Aisha's __________.,"The key was hidden inside Aisha's **door**. 

Context indicates the key was concealed within the frame of the door, which opened to reveal the ""between"" space. Thus, the answer is the door.",qwen3:1.7b,True,Unknown.pdf,vector,14447.03,1162,47,1209,True,NVIDIA GeForce RTX 3050 Laptop GPU,3246.0,4096.0,79.25,11.0,14.55,23.16,62.81,2026-03-18T14:56:22.646227
61,14.64,61. The mirror's surface was black as __________.,"The context does not specify the color of the mirror's surface. It only describes the mirror as ""dark and twisted"" and mentions its cracks and shattering, but does not provide a definitive answer about its color.",qwen3:1.7b,True,Unknown.pdf,vector,12525.75,1209,53,1262,True,NVIDIA GeForce RTX 3050 Laptop GPU,3246.0,4096.0,79.25,11.0,14.47,23.16,62.46,2026-03-18T14:56:35.196818
62,14.64,62. Aditi whispered that someone was inside __________.,"The blank is filled with ""me."" Aditi whispered that someone (Holloway) was inside her.  

Answer: **me**",qwen3:1.7b,True,Unknown.pdf,vector,7162.31,1227,26,1253,True,NVIDIA GeForce RTX 3050 Laptop GPU,3246.0,4096.0,79.25,14.0,14.43,23.16,62.32,2026-03-18T14:56:42.385509
63,14.64,63. The Watcher existed in the space __________.,The Watcher existed in the space **between moments**.,qwen3:1.7b,True,Unknown.pdf,vector,3824.77,1229,13,1242,True,NVIDIA GeForce RTX 3050 Laptop GPU,3246.0,4096.0,79.25,12.0,14.42,23.16,62.26,2026-03-18T14:56:46.234432
64,14.64,64. Captain Hari carried a silver __________.,"The context mentions Captain Hari pulling out a faded photograph. The question asks for a silver __________, but the context does not explicitly mention a silver item. However, the photograph is a silver object (as it is a faded image). Since the context does not provide a specific answer for the blank, the most logical inference is that the blank is filled with ""photo"" or ""photograph."" 

Answer: photo",qwen3:1.7b,True,Unknown.pdf,vector,12398.01,1221,101,1322,True,NVIDIA GeForce RTX 3050 Laptop GPU,3246.0,4096.0,79.25,11.0,14.33,23.16,61.86,2026-03-18T14:56:58.657210
65,14.64,65. The letter was sealed with the __________ family seal.,The letter was sealed with the **Ravanhalli** family seal.,qwen3:1.7b,True,Unknown.pdf,vector,4232.6,1218,14,1232,True,NVIDIA GeForce RTX 3050 Laptop GPU,3246.0,4096.0,79.25,11.0,14.33,23.16,61.86,2026-03-18T14:57:02.915016
66,14.64,66. Did Aisha know Marcus was her father before reading the journal?,"No, Aisha did not know Marcus was her father before reading the journal. The context explicitly states that Marcus is her brother, not her father. The journal reveals her mother's backstory, but there is no indication of a familial relationship between Aisha and Marcus as father and daughter.",qwen3:1.7b,True,Unknown.pdf,vector,6795.11,1270,73,1343,True,NVIDIA GeForce RTX 3050 Laptop GPU,3246.0,4096.0,79.25,11.0,14.33,23.16,61.88,2026-03-18T14:57:09.734574
67,14.64,67. Was the door in the east wing supposed to be locked?,"The context does not mention the east wing or any specific doors being locked. Therefore, there is insufficient information to determine if the door in the east wing was supposed to be locked.",qwen3:1.7b,True,Unknown.pdf,vector,9558.55,1164,48,1212,True,NVIDIA GeForce RTX 3050 Laptop GPU,3246.0,4096.0,79.25,11.0,14.49,23.16,62.57,2026-03-18T14:57:19.315779
68,14.64,68. Did The Watcher want to harm humanity?,"The context does not indicate that The Watcher wanted to harm humanity. Instead, it portrays The Watcher as an entity that requires sacrifices (bridges) to remain satisfied, with the individuals involved being ""translated"" rather than harmed. Thus, The Watcher does not seek to harm humanity.",qwen3:1.7b,True,Unknown.pdf,vector,9511.65,1220,73,1293,True,NVIDIA GeForce RTX 3050 Laptop GPU,3246.0,4096.0,79.25,11.0,14.35,23.16,61.98,2026-03-18T14:57:28.851418
69,14.64,69. Did Aisha ever meet her mother in physical form before the end?,"The context does not explicitly state that Aisha met her mother in physical form before the end. While a photograph of her mother is mentioned, it is unclear if this represents a real meeting or a symbolic depiction. The text focuses on the dream and the journal entries, but there is no explicit confirmation of a physical encounter prior to the end. Thus, the answer is **no**, as the context does not provide sufficient information to confirm such a meeting.",qwen3:1.7b,True,Unknown.pdf,vector,14333.5,1218,115,1333,True,NVIDIA GeForce RTX 3050 Laptop GPU,3246.0,4096.0,79.25,14.0,14.34,23.16,61.92,2026-03-18T14:57:43.207454
70,14.64,70. Was Meera Desai successful in her attempt to control The entity?,"No, Meera Desai was not successful in controlling the entity. The context explicitly states that ""the entity you tried to control has been released,"" indicating it was released after her attempt.",qwen3:1.7b,True,Unknown.pdf,vector,4818.9,1249,48,1297,True,NVIDIA GeForce RTX 3050 Laptop GPU,3246.0,4096.0,79.25,11.0,14.35,23.16,61.97,2026-03-18T14:57:48.052809
71,14.64,71. Did Captain Hari witness the original events of 1894?,"Yes, Captain Hari witnessed the original events of 1894. The context explicitly states that in September 1894, seven people vanished from Kodalipur, and Captain Hari was present in the village tavern, knowing about the bargain and the seven chairs, which directly relates to the events. His involvement and knowledge of the incident confirm his witnessing of the original events.",qwen3:1.7b,True,Unknown.pdf,vector,13805.43,1224,94,1318,True,NVIDIA GeForce RTX 3050 Laptop GPU,3246.0,4096.0,79.25,11.0,14.4,23.16,62.16,2026-03-18T14:58:01.883202
72,14.64,72. Was the creature in the mirror the same as The Watcher?,"No, the creature in the mirror was not the same as The Watcher. The creature is described as ""humanoid but wrong"" and distinct from The Watcher, who is explicitly referred to as ""The Watcher"" in the context. The creature is portrayed as a separate entity that has been in the ""between"" longer and is ultimately defeated by The Watcher and the seven.",qwen3:1.7b,True,Unknown.pdf,vector,9552.25,1211,87,1298,True,NVIDIA GeForce RTX 3050 Laptop GPU,3246.0,4096.0,79.25,11.0,14.36,23.16,62.0,2026-03-18T14:58:11.457510
73,14.64,73. Did Aditi volunteer to become the lock-keeper?,"Yes, Aditi volunteered to become the lock-keeper. In Chapter 17: The Ritual, Aisha presses the key into her palm, and Aditi explicitly agrees to take on the role, stating, ""Okay, I'll hold it.""",qwen3:1.7b,True,Unknown.pdf,vector,6070.42,1162,48,1210,True,NVIDIA GeForce RTX 3050 Laptop GPU,3246.0,4096.0,79.25,14.0,14.36,23.16,62.0,2026-03-18T14:58:17.553827
74,14.64,74. Did the mist lift permanently after Aisha's choice?,"The context does not explicitly state whether the mist lifted permanently after Aisha's choice. It only mentions Meera standing in the mist when Aisha enters the manor, but no further details about the mist's duration or permanence are provided. Thus, the answer cannot be determined from the given information.",qwen3:1.7b,True,Unknown.pdf,vector,7016.22,1215,77,1292,True,NVIDIA GeForce RTX 3050 Laptop GPU,3246.0,4096.0,79.25,11.0,14.36,23.16,61.99,2026-03-18T14:58:24.593856
75,14.64,75. Were there more entities like The Watcher in the between?,"Yes, the context states that there are ""more entities in the between"" beyond The Watcher, which is described as a collective consciousness. These entities are distinct from The Watcher, as they are ""different"" and ""angry"" or ""trapped."" Thus, while there are more entities in the between, they are not explicitly identified as similar to The Watcher.",qwen3:1.7b,True,Unknown.pdf,vector,19599.71,1232,87,1319,True,NVIDIA GeForce RTX 3050 Laptop GPU,3246.0,4096.0,79.25,11.0,14.33,23.16,61.89,2026-03-18T14:58:44.216944
76,14.64,76. Why did Marcus leave the key and journal for Aisha?,"Marcus left the key and journal for Aisha because he believed she was the only person capable of understanding his research and unraveling the mystery surrounding his mother and the ""Seven."" He entrusted them to her as he thought she could decipher the clues hidden in the journal.",qwen3:1.7b,True,Unknown.pdf,vector,7087.31,1267,70,1337,True,NVIDIA GeForce RTX 3050 Laptop GPU,3246.0,4096.0,79.25,14.0,14.35,23.16,61.98,2026-03-18T14:58:51.327547
77,14.64,77. How did Aisha become the bridge?,"Aisha became the bridge through a lifelong bargain made by the Ravanhalli family. Her mother was one of the seven lives offered to keep The Watcher satisfied, and when she went into the between, she was pregnant with Aisha. This made Aisha the final bridge, as the family's ritual required seven lives every thirty years. Thus, Aisha's existence was tied to her mother's sacrifice.",qwen3:1.7b,True,Unknown.pdf,vector,8329.76,1219,95,1314,True,NVIDIA GeForce RTX 3050 Laptop GPU,3246.0,4096.0,79.25,11.0,14.36,23.16,62.0,2026-03-18T14:58:59.681602
78,14.64,78. Why did The Watcher want seven human minds?,"The Watcher required seven human minds (bridges) every thirty years to remain satisfied, as these minds could directly perceive The Watcher. This bargain was made by the Ravanhalli family for generations, with each bridge (human mind) ensuring the Watcher's appeasement.",qwen3:1.7b,True,Unknown.pdf,vector,8036.64,1222,67,1289,True,NVIDIA GeForce RTX 3050 Laptop GPU,3246.0,4096.0,79.25,14.0,14.35,23.16,61.98,2026-03-18T14:59:07.742636
79,14.64,79. How was Aisha supposed to end the cycle according to her grandmother?,"According to the context, Aisha was supposed to end the cycle by creating the final bridge, which is the connection between her and Marcus. This is implied in Marcus's journal entry: ""We created the final bridge."" The cycle's end is tied to this bridge, though the exact method (e.g., controlling The Watcher or using the bridge as a catalyst) is not explicitly detailed in the provided text.",qwen3:1.7b,True,Unknown.pdf,vector,22903.91,1220,98,1318,True,NVIDIA GeForce RTX 3050 Laptop GPU,3246.0,4096.0,79.25,11.0,14.42,23.16,62.27,2026-03-18T14:59:30.672142
80,14.64,80. Why did Aditi warn Aisha to leave before the third night?,"The context does not provide enough information to determine why Aditi warned Aisha to leave before the third night. The relevant details are scattered in chapters 14 and 15, focusing on Aditi's preparations and the symbolic ""bridge"" metaphor, but no explicit reason tied to the third night is mentioned.",qwen3:1.7b,True,Unknown.pdf,vector,15465.22,1229,76,1305,True,NVIDIA GeForce RTX 3050 Laptop GPU,3246.0,4096.0,79.25,11.0,14.36,23.16,62.02,2026-03-18T14:59:46.162864
81,14.64,"81. How did The Watcher describe ""the between""?","The Watcher described ""the between"" as ""the space between"" and ""the moment between heartbeats.""",qwen3:1.7b,True,Unknown.pdf,vector,6707.63,1231,23,1254,True,NVIDIA GeForce RTX 3050 Laptop GPU,3246.0,4096.0,79.25,14.0,14.41,23.16,62.21,2026-03-18T14:59:52.896001
82,14.64,82. Why couldn't Meera control The Watcher?,"The Watcher could not be controlled because it was something that couldn't be controlled, as stated in the context: ""the entity you tried to control has been released"" and ""something that couldn't be controlled.""",qwen3:1.7b,True,Unknown.pdf,vector,5997.76,1242,53,1295,True,NVIDIA GeForce RTX 3050 Laptop GPU,3246.0,4096.0,79.25,13.0,14.36,23.16,62.02,2026-03-18T14:59:58.917433
83,14.64,83. How did Sunita become able to exist in physical form again?,"Sunita became able to exist in physical form again through the creation of Aisha, as outlined in Marcus's journal. The family's ""final bridge"" allowed her to exist in a state between being and not-being, implying a transformative connection forged through their bond. The exact mechanism is not explicitly detailed in the context.",qwen3:1.7b,True,Unknown.pdf,vector,14342.4,1217,82,1299,True,NVIDIA GeForce RTX 3050 Laptop GPU,3246.0,4096.0,79.25,11.0,14.4,23.16,62.17,2026-03-18T15:00:13.282868
84,14.64,84. Why were there more entities in the between?,"The context indicates that the seven individuals who vanished in 1894 were ""translated"" into the between, and Aisha's mother was pregnant when she entered the between, implying she became a new entity. Thus, there are more entities in the between due to the seven people's translation and the mother's pregnancy with Aisha.",qwen3:1.7b,True,Unknown.pdf,vector,7801.85,1222,80,1302,True,NVIDIA GeForce RTX 3050 Laptop GPU,3246.0,4096.0,79.25,11.0,14.41,23.16,62.2,2026-03-18T15:00:21.108565
85,14.64,85. How did Captain Hari know about Aisha's grandmother?,Captain Hari learned about Aisha's grandmother through the journal she left behind. The journal revealed that her grandmother was the first to attempt ending the cycle and died trying. Hari discovered this information when he retrieved the journal from the hidden passage and recognized its significance.,qwen3:1.7b,True,Unknown.pdf,vector,9118.97,1228,76,1304,True,NVIDIA GeForce RTX 3050 Laptop GPU,3246.0,4096.0,79.25,11.0,14.41,23.16,62.2,2026-03-18T15:00:30.248799
86,14.64,86. When did the seven people vanish from Kodalipur?,"The context mentions that the seven people vanished ""before the mist of Kartik"" arrived. While the exact date is not specified, the phrase implies the event occurred when the mist of Kartik became prevalent. Thus, the seven people vanished **when the mist of Kartik arrived** (specific date not provided).",qwen3:1.7b,True,Unknown.pdf,vector,10436.05,1217,76,1293,True,NVIDIA GeForce RTX 3050 Laptop GPU,3246.0,4096.0,79.25,11.0,14.4,23.16,62.18,2026-03-18T15:00:40.707742
87,14.64,87. Where was the hidden chamber located in the manor?,The hidden chamber was located in the east wing of Ravanhalli Manor.,qwen3:1.7b,True,Unknown.pdf,vector,10532.46,1241,17,1258,True,NVIDIA GeForce RTX 3050 Laptop GPU,3246.0,4096.0,79.25,11.0,14.37,23.16,62.03,2026-03-18T15:00:51.263063
88,14.64,88. When did Aisha first hear the whisper in the dark?,"The context indicates that Aisha first heard the whisper in the dark when she woke up, as it is described as ""Aisha woke with a scream."" However, the exact time (e.g., specific moment in the story) is not explicitly stated. The focus is on the event itself rather than a temporal detail. 

**Answer:** Aisha first heard the whisper in the dark when she woke up.",qwen3:1.7b,True,Unknown.pdf,vector,13109.18,1166,90,1256,True,NVIDIA GeForce RTX 3050 Laptop GPU,3246.0,4096.0,79.25,13.0,14.34,23.16,61.93,2026-03-18T15:01:04.397611
89,14.64,89. Where did Captain Hari take Aisha to learn about 1894?,Captain Hari took Aisha to the village tavern to learn about 1894.,qwen3:1.7b,True,Unknown.pdf,vector,5583.73,1224,16,1240,True,NVIDIA GeForce RTX 3050 Laptop GPU,3246.0,4096.0,79.25,11.0,14.35,23.16,61.98,2026-03-18T15:01:10.007119
90,14.64,90. When did Thomas Ravanhalli call the family together?,"The context states that the letter arrived three days ago. The family was called together **three days after the letter was received**. However, the exact date is not specified in the provided text. Thus, the answer is based on the relative time mentioned in the context.",qwen3:1.7b,True,Unknown.pdf,vector,41139.17,1218,67,1285,True,NVIDIA GeForce RTX 3050 Laptop GPU,3246.0,4096.0,79.25,11.0,14.4,23.16,62.19,2026-03-18T15:01:51.168498
91,14.64,91. Where did Aisha find her grandmother's journal?,"The context does not explicitly mention where Aisha found her grandmother's journal. It only references Marcus's journal and the research findings, but does not specify a physical location. Thus, the answer is that the context does not provide enough information.",qwen3:1.7b,True,Unknown.pdf,vector,27723.23,1214,65,1279,True,NVIDIA GeForce RTX 3050 Laptop GPU,3246.0,4096.0,79.25,11.0,14.67,23.16,63.35,2026-03-18T15:02:18.912748
92,14.64,92. When did the mist finally lift from Kodalipur?,"The context indicates that the mist of Kartik (mentioned in the letter) is the barrier to arrival, and the protagonist arrives ""now"" (after the letter was received three days ago). Since the exact time of the mist's lifting is not specified in the text, the answer is based on the implication that the mist lifts when the person arrives. However, the context does not provide a specific date or time for this event. 

**Answer:** The mist finally lifted when the protagonist arrived, but the exact time is not specified in the context.",qwen3:1.7b,True,Unknown.pdf,vector,37486.13,1216,133,1349,True,NVIDIA GeForce RTX 3050 Laptop GPU,3246.0,4096.0,79.25,10.0,14.35,23.16,61.96,2026-03-18T15:02:56.422684
93,14.64,93. Where did Sunita explain the truth about The Unknown?,"The context mentions that Aisha found the photograph in the hidden chamber, which is where the evidence of Sunita and Marcus's relationship is located. While the exact location of Sunita explaining the truth about The Unknown is not explicitly stated, the hidden chamber is the place where the critical evidence (the photograph) is found. Thus, the answer is the **hidden chamber**. 

**Answer:** The hidden chamber.",qwen3:1.7b,True,Unknown.pdf,vector,37278.42,1216,104,1320,True,NVIDIA GeForce RTX 3050 Laptop GPU,3246.0,4096.0,79.25,11.0,14.38,23.16,62.08,2026-03-18T15:03:33.726587
94,14.64,94. When did Captain Hari die peacefully?,"The context does not provide information about when Captain Hari died peacefully. It only mentions his role in facilitating the translation of the seven vanished individuals and their connection to Aisha's mother, but does not specify a timeline or date for his death. 

**Answer:** The context does not contain enough information to determine when Captain Hari died peacefully.",qwen3:1.7b,True,Unknown.pdf,vector,9897.3,1220,94,1314,True,NVIDIA GeForce RTX 3050 Laptop GPU,3246.0,4096.0,79.25,11.0,14.36,23.16,61.99,2026-03-18T15:03:43.647738
95,14.64,95. Where was the photograph of the seven people found?,"The photograph of the seven people was found inside the box Thomas provided. It shows Aisha's mother standing before Ravanhalli Manor, pregnant, with seven figures behind her half-hidden by the mist. 

Answer: Ravanhalli Manor.",qwen3:1.7b,True,Unknown.pdf,vector,5888.92,1267,56,1323,True,NVIDIA GeForce RTX 3050 Laptop GPU,3246.0,4096.0,79.25,11.0,14.37,23.16,62.06,2026-03-18T15:03:49.561244
96,14.64,96. What was Marcus's actual relationship to Aisha? a) Her uncle b) Her father c) Her grandfather d) Her cousin,"The context does not explicitly state Marcus's relationship to Aisha. While Thomas refers to Marcus as his brother, there is no information linking Marcus to Aisha's family or confirming a direct relationship (e.g., father, grandfather, uncle). Thus, the answer is: **The context does not contain enough information to determine Marcus's relationship to Aisha.**",qwen3:1.7b,True,Unknown.pdf,vector,12830.81,1281,90,1371,True,NVIDIA GeForce RTX 3050 Laptop GPU,3246.0,4096.0,79.25,11.0,14.35,23.16,61.98,2026-03-18T15:04:02.416649
97,14.64,97. Who became the lock-keeper at the end?a) Dr. Aisha Sharma b) Aditi Ravanhalli c) Thomas Ravanhalli d) Captain Hari,"c) Thomas Ravanhalli  

**Reasoning:**  
- Thomas explicitly states, ""This section is off-limits,"" implying he controls access to the door.  
- The context suggests he is the guardian of restricted areas, making him the lock-keeper at the end.  
- No other character is explicitly tied to the lock-keeper role in the provided text.",qwen3:1.7b,True,Unknown.pdf,vector,23685.48,1248,82,1330,True,NVIDIA GeForce RTX 3050 Laptop GPU,3246.0,4096.0,79.25,11.0,14.38,23.16,62.09,2026-03-18T15:04:26.123310
98,14.64,98. What year was the first bridge created? a) 1664 b) 1894 c) 1944 d) 1994,"The first bridge was created in **1664**.  
Answer: a) 1664",qwen3:1.7b,True,Unknown.pdf,vector,5475.52,1229,14,1243,True,NVIDIA GeForce RTX 3050 Laptop GPU,3246.0,4096.0,79.25,11.0,14.35,23.16,61.97,2026-03-18T15:04:31.625288
99,14.64,99. How many people originally vanished in 1894? a) Five b) Six c) Seven d) Eight,"The context explicitly mentions ""seven figures"" who vanished in 1894. Therefore, the correct answer is **c) Seven**.",qwen3:1.7b,True,Unknown.pdf,vector,4390.02,1274,29,1303,True,NVIDIA GeForce RTX 3050 Laptop GPU,3246.0,4096.0,79.25,11.0,14.55,23.16,62.83,2026-03-18T15:04:36.036786
100,14.64,"100. What was the main theme of ""The Unknown""? a) Revenge and justice b) Family, sacrifice, and choice c) Love and betrayal d) Power and corruption","The main theme of ""The Unknown"" is **b) Family, sacrifice, and choice**. The context emphasizes themes like finding family, making sacrifices for love, and the transformative power of choices to protect what one loves. The epilogue underscores the importance of these themes, particularly the choice to become more than human to safeguard humanity.",qwen3:1.7b,True,Unknown.pdf,vector,9108.48,1148,87,1235,True,NVIDIA GeForce RTX 3050 Laptop GPU,3246.0,4096.0,79.25,14.0,14.47,23.16,62.48,2026-03-18T15:04:45.171590

